t,relative_lat_ft,relative_lon_ft,relative_alt_ft
0,1736.4925759999999,-3011.0670965424097,14.0
2,1736.4925759999999,-2865.632146938449,12.0
4,1648.208845550727,-2717.1384273983144,10.0
21,147.38542791303132,-1340.9214464639258,8.0
27,-327.818399999999,-913.8170981038903,6.0
